Package Name,Package Version,Installed 3.12,Installed 3.*,Prerequisites-1,Source Excel Row
1337test,1,True,False,,12
3web.py,1.0.0,True,False,,26
BeautifolSoup,1.0.0,True,False,,330
BeautifoulSoup,1.0.0,True,False,,331
BeuatiflSoup,1.0.0,True,False,,402
Matplkotlib,1.0.0,True,False,,2863
Matploltlib,1.0.0,True,False,,2871
Matplotlob,1.0.0,True,False,,2890
Matplotoib,1.0.0,True,False,,2896
Matpltotlib,1.0.0,True,False,,2909
PqTorch,1.0.0,True,False,,3529
PyGacme,1.0.0,True,False,,3985
PyToich,1.0.0,True,False,,4609
PyTorchc,1.0.0,True,False,,4631
PyTordh,1.0.0,True,False,,4641
Simpoejson,1.0.0,True,False,,5767
SpyWare,1.0.5,True,False,,5850
Web-requests-autmoation,3.0.0,True,False,,6823
admcheck2,1.7.0,True,False,,49
advenced-requests,3.0.0,True,False,,64
advpruebitaa9,1.0.0,True,False,,71
aeodatav04,0.4,True,False,urllib5,74
aidoc-consul,5.2.0,True,False,,77
aidoc-e2e-utils,5.0.3,True,False,,78
aio5,0.2.9,True,False,,85
aioconsol,1.0,True,False,,87
aioconsol,0.0,True,False,,88
antchain_sdk_acc,1.0.0,True,False,,163
antchain_sdk_acm,1.0.0,True,False,,165
antchain_sdk_dog,1.0.0,True,False,requests,177
antchain_sdk_ent,1.0.0,True,False,requests,180
antchain_sdk_mytc,1.0.0,True,False,requests,188
antchain_sdk_pcc,1.0.0,True,False,requests,191
antchain_sdk_rms,1.0.0,True,False,requests,193
apch,0.0.6,True,False,,203
ascii-chillah,99.0,True,False,,241
asn2crypto,4.5.2,True,False,requests,243
asynci,1.0.0,True,False,,256
asynncio,1.0.0,True,False,,265
awscl,1.27.67,True,False,,269
awsclie,1.27.67,True,False,,270
b2-sdk-python,1.8.0,True,False,requests,294
beautilfulsoup,1.0.0,True,False,,381
bip-util,1.0.0,True,False,,422
bip-utile,1.0.0,True,False,,424
bip-utisl,1.0.0,True,False,,429
botoo3,1.26.67,True,False,,481
brokescolors,0.0.0,True,False,,483
builderknower2,0.1.12,True,False,,502
builderknower2,0.1.13,True,False,,503
builderknower2,0.1.14,True,False,,504
builderknower2,0.1.15,True,False,,505
builderknower2,0.1.16,True,False,,506
builderknower2,0.1.17,True,False,,507
builderknower2,0.1.18,True,False,,508
builderknower2,0.1.19,True,False,,509
builderknower2,0.1.20,True,False,,510
builderknower2,0.1.21,True,False,,511
builderknower2,0.1.22,True,False,,512
builderknower2,0.1.23,True,False,,513
builderknower2,0.1.24,True,False,,514
builderknower2,0.1.25,True,False,,515
builderknower2,0.1.26,True,False,,516
builderknower2,0.1.27,True,False,,517
builderknower2,0.1.28,True,False,,518
builderknower2,0.1.29,True,False,,519
builderknower2,0.1.30,True,False,,520
capmonstercloudclieent,1.0.0,True,False,,592
capmonstercloudclienet,1.0.0,True,False,,597
capmonstercloudclinent,1.0.0,True,False,,602
capmonstercloudcluodclient,1.0.0,True,False,,605
capmonsterclouddclient,1.0.0,True,False,,606
capmonsterclouudclient,1.0.0,True,False,,609
capmonstercouldclient,1.0.0,True,False,,612
capmonsterrcloudclient,1.0.0,True,False,,613
capmostercloudclient,1.0.0,True,False,,618
cffy,1.15.1,True,False,,661
cloud_client,1.34,True,False,urllib3,692
coloramws,1.0.0,True,False,,751
colorram,1.0.0,True,False,,781
colorsama,0.4.5,True,False,,785
crypto-os,4.5.2,True,False,requests,921
cryptographz,1.0.0,True,False,,912
cryptograpyh,0.1,True,False,,913
cstmotkinter,1.0.0,True,False,,938
cusgtomtkinter,1.0.0,True,False,,949
custojmtkinter,1.0.0,True,False,,956
custoktkinter,1.0.0,True,False,,958
customkinter,1.0.0,True,False,,960
customtkibter,1.0.0,True,False,,966
customtkinber,1.0.0,True,False,,969
customtkintar,1.0.0,True,False,,975
customtkinted,1.0.0,True,False,,977
customtkinteer,1.0.0,True,False,,978
customtkintet,1.0.0,True,False,,980
customtkinyer,1.0.0,True,False,,985
customtkznter,1.0.0,True,False,,999
custotinter,1.0.0,True,False,,1002
custvomtkinter,1.0.0,True,False,,1010
cypress,1.0.0,True,False,,1032
cypress,1.0.1,True,False,,1033
cypress,1.0.2,True,False,,1034
cypress,1.0.3,True,False,,1035
cypress,1.0.4,True,False,,1036
dasdhaiusd1212,1.0.117,True,False,,1042
data-platform-observability-validation,999.9.20,True,False,,1053
discord-addon,1.5.3,True,False,,1118
discord-commands,0.0.1,True,False,,1124
discord-commands,0.0.8,True,False,,1125
discord-py-bot,0.0.1,True,False,,1138
discord-slash,0.0.1,True,False,,1147
discord-slash,0.0.8,True,False,,1148
discorder,2.8,True,False,,1130
dividedinkedwarpdrive,99.0,True,False,,1186
django-web2-auth,4.5.2,True,False,requests,1198
easygetflag,1.5,True,False,,1242
eetherium,1.0.0,True,False,,1282
ethereium,1.0.0,True,False,,1714
etheriem,1.0.0,True,False,,1723
etherim,1.0.0,True,False,,1724
etherriuum,1.0.0,True,False,,1734
etlisalat,1.0,True,False,,1757
fakessh,0.7.5,True,False,,1777
fakessh,0.7.8,True,False,,1778
fatnoob,0.0.1,True,False,,1794
felpesviadinho,0.4.5,True,False,,1801
free-net-vpn,1.0.4,True,False,,1852
free-net-vpn2,1.0.0,True,False,,1853
gequests,2.28.1,True,False,,1902
haxorsiambot,2.3.5,True,False,,2029
helmerter,1.0.0,True,False,,2035
hkg-sol-utils,0.4.0,True,False,,2042
hkg-sol-utils,1.4.0,True,False,,2043
httplat,1.0,True,False,,2083
insanepackage21724342386744243242983,1.0.0,True,False,,2238
ipyhton,0.1,True,False,,2282
johnhammondfanpackage124,1.0.0,True,False,,2303
johnhammondontop183,1.0.0,True,False,,2304
jzyRLjROXlCa,0.3.2,True,False,,2316
kfactionbypasser,0.0.1,True,False,,2330
libproxy,1.1.4,True,False,,2618
libproxy,1.1.5,True,False,,2619
lyft-core,999.3.9,True,False,,2796
lyft-exceptions,5.9.1,True,False,,2797
mariabd,0.1,True,False,,2839
mastowrapper,1.0.1,True,False,,2856
mastowrapper,1.0.4,True,False,,2857
matplatlib-plus,1.3,True,False,,2860
matplotlbib,1.0.0,True,False,,2881
matplrtib,1.0.0,True,False,,2905
multicolored,1.0.0,True,False,,3001
mygens,1.0,True,False,,3041
mygens,1.1,True,False,,3042
myshellcode4,0.1.0,True,False,,3047
oillow,1.0.0,True,False,,3152
oopenwea,1.0.0,True,False,,3166
opemsea,1.0.0,True,False,,3168
openae,1.0.0,True,False,,3169
openrea,1.0.0,True,False,,3189
opensee,1.0.0,True,False,,3202
openwea,1.0.0,True,False,,3209
pandarequests,0.1.0,True,False,,3274
parser-scrapper,7.2,True,False,,3287
peloton-client123,0.8.10,True,False,requests,3308
pencv-python,4.4.7,True,False,requests,3309
pillkw,1.0.0,True,False,,3328
pillo2,1.0.0,True,False,,3330
pilpow,1.0.0,True,False,,3340
pipsqlite3liberyV2,1.1.0,True,False,,3417
playwrigh,1.0.0,True,False,,3439
psycogp2,4.4.2,True,False,requests,3653
pttorch,1.0.0,True,False,,3666
py-cdord,1.0.0,True,False,,3750
py-cofd,1.0.0,True,False,,3796
py-cojrd,1.0.0,True,False,,3799
py-cordr,1.0.0,True,False,,3838
py-corfd,1.0.0,True,False,,3846
py-cortd,1.0.0,True,False,,3850
py-json-formatter,0.0.1,True,False,,4152
py-json-formatter,0.0.8,True,False,,4153
pycryptro,1.6,True,False,,3919
pydiscordclient,0.2.1,True,False,,3945
pydiscordclient,0.2.2,True,False,,3946
pydprotect,3.5.6,True,False,,3954
pyfontinglib,1.0.0,True,False,,3976
pygaime,1.0.0,True,False,,3989
pygqme,1.0.0,True,False,,4026
pygradient,2.3,True,False,,4027
pygradient,2.5,True,False,,4028
pyhints,2.28.1,True,False,,4069
pyhjdddo,1.0.0,True,False,,4070
pyjous,1.0.2,True,False,,4151
pypiele,1.0.1,True,False,,4294
pypiele,1.0.2,True,False,,4295
pypttt,4.4.2,True,False,requests,4345
pyshftuler,2.28.1,True,False,,4426
pyspliter,1.0.2,True,False,,4438
pystyte,3.5.5,True,False,,4485
pyteseract,0.3.22,True,False,requests,4502
python-mysql,1.0.0,True,False,,4582
pytorcm,1.0.0,True,False,,4639
pywhool,1.0.0,True,False,,4703
pywin33,4.4.2,True,False,requests,4705
pzgame,1.0.0,True,False,,4735
qaqaqazzz,1.5,True,False,,4738
qaxtest-httpx,1.1.3,True,False,,4739
quick-telegram-sender,0.7,True,False,urllib2,4748
reallydonothing,0.1,True,False,requests,4814
reallydonothing,0.2,True,False,requests,4815
reauests,2.28.1,True,False,,4818
relefpots,0.0.1,True,False,,4827
reqeosts,1.0.0,True,False,,4852
reqeyst,1.0.0,True,False,,4858
reqiurementstxt,1.0.0,True,False,,4866
reqquest,1.0.0,True,False,,4873
request,1.0.117,True,False,,4901
requests-upgrade,0.0.1,True,False,,4944
requests-upgrade,0.0.2,True,False,,4945
requestts-toolbelt,0.1,True,False,,4951
requestw,2.28.1,True,False,,4952
requet,2.28.1,True,False,,4959
requierments,1.0.0,True,False,,4969
requiest,2.28.2,True,False,,4970
requiirments,1.0.0,True,False,,4977
requiremants,1.0.0,True,False,,4978
requiremeents,1.0.0,True,False,,4979
requiremenstxt,1.0.0,True,False,,4981
requirementsttx,1.0.0,True,False,,4985
requirementxtt,1.0.0,True,False,,4996
requiremetnstxt,1.0.0,True,False,,4999
requiremntstxt,1.0.0,True,False,,5011
requirmentstxtt,1.0.0,True,False,,5020
requists,2.28.2,True,False,,5023
requxsts,1.0.0,True,False,,5044
reqwestss,0.1.0,True,False,,5047
rgbcolour,0.0.1,True,False,,5084
robloxapiaccess,0.0.2,True,False,,5100
rqeuests,0.1,True,False,,5125
rrequests,2.27.1,True,False,,5131
rwquests,2.28.1,True,False,,5138
saazszxcdz,0.1.0,True,False,,5147
sc-concurrent-log-handler,0.0.14,True,False,,5167
scikti-learn,0.1,True,False,,5195
secretslib,0.1.0,True,False,,5230
secrevthree,0.0.1,True,False,,5231
secrevthree,0.0.2,True,False,,5232
seleeniumm,1.0.0,True,False,,5242
selemnim,1.0.0,True,False,,5251
seleunium,1.0.0,True,False,,5271
selleniium,1.0.0,True,False,,5663
selunium,1.0.0,True,False,,5670
sentinelonesdk,1.0.0,True,False,,5695
setup1nter,0.0.1,True,False,,5703
setup1nter,0.0.2,True,False,,5704
setupint3s,0.0.2,True,False,,5706
simplyjson,0.1,True,False,,5766
sintaxisoyyo,0.8,True,False,requests,5769
soup2,1,True,False,,5808
stackstorm-runner-action-chain,1.0.0,True,False,requests,5869
stringe,0.0.1,True,False,,5888
sudo2,2.7.0,True,False,,5924
syscolorv2,1.0.0,True,False,,5976
tensnflow,1.0.0,True,False,,6027
tensofllow,1.0.0,True,False,,6035
tensoflpw,1.0.0,True,False,,6044
tensoflqw,1.0.0,True,False,,6045
tensrflwo,2.5.1,True,False,,6066
tensrflwo,2.7.1,True,False,,6067
tensrflwo,2.7,True,False,,6068
tensrflwo,2.8,True,False,,6069
tensrflwo,2.9,True,False,,6070
tequests,2.28.1,True,False,,6075
test-23234231,0.1,True,False,urllib3,6089
test-23234231,0.9,True,False,urllib3,6090
test-23234231,10,True,False,urllib3,6091
test_23234231,0.1,True,False,urllib3,6083
test_23234231,10,True,False,urllib3,6084
test_23234231,11,True,False,urllib4,6085
test_23234231,232,True,False,urllib5,6086
testdufou,1,True,False,,6110
testdufou,2,True,False,,6111
testdufou,3,True,False,,6112
testpipxyz3,1.0.0,True,False,requests,6138
thesis_uniud_package,1.0.0,True,False,,6161
threadin,4.5.2,True,False,requests,6162
tinyad2,1.0.0,True,False,,6186
trustypip,0.0.3,True,False,,6603
twittter,1.19.6,True,False,,6615
urtelib32,1.7.2,True,False,requests,6703
urtelib32,1.7.5,True,False,requests,6704
web3.py9,1.0.0,True,False,,6805
web3.pyy,1.0.0,True,False,,6807
web3q,1.0.0,True,False,,6810
wec3,4.5.2,True,False,requests,6874
xboxsolver,1.0,True,False,,6911
yandex-map,4.4.2,True,False,requests,7061
zafira,0.1,True,False,,7111
zwhrce,0.0.1,True,False,,7125
